{"frames": [

{
	"filename": "attack (1).png",
	"frame": {"x":63,"y":1,"w":53,"h":86},
	"rotated": false,
	"trimmed": true,
	"spriteSourceSize": {"x":13,"y":16,"w":53,"h":86},
	"sourceSize": {"w":105,"h":105}
},
{
	"filename": "attack (2).png",
	"frame": {"x":1,"y":90,"w":54,"h":87},
	"rotated": false,
	"trimmed": true,
	"spriteSourceSize": {"x":10,"y":15,"w":54,"h":87},
	"sourceSize": {"w":105,"h":105}
},
{
	"filename": "attack (3).png",
	"frame": {"x":1,"y":1,"w":60,"h":87},
	"rotated": false,
	"trimmed": true,
	"spriteSourceSize": {"x":6,"y":15,"w":60,"h":87},
	"sourceSize": {"w":105,"h":105}
},
{
	"filename": "attack (4).png",
	"frame": {"x":57,"y":90,"w":53,"h":87},
	"rotated": false,
	"trimmed": true,
	"spriteSourceSize": {"x":12,"y":15,"w":53,"h":87},
	"sourceSize": {"w":105,"h":105}
},
{
	"filename": "attack (5).png",
	"frame": {"x":175,"y":1,"w":52,"h":85},
	"rotated": false,
	"trimmed": true,
	"spriteSourceSize": {"x":17,"y":17,"w":52,"h":85},
	"sourceSize": {"w":105,"h":105}
},
{
	"filename": "attack (6).png",
	"frame": {"x":112,"y":89,"w":57,"h":85},
	"rotated": false,
	"trimmed": true,
	"spriteSourceSize": {"x":17,"y":17,"w":57,"h":85},
	"sourceSize": {"w":105,"h":105}
},
{
	"filename": "attack (7).png",
	"frame": {"x":646,"y":88,"w":66,"h":84},
	"rotated": false,
	"trimmed": true,
	"spriteSourceSize": {"x":10,"y":18,"w":66,"h":84},
	"sourceSize": {"w":105,"h":105}
},
{
	"filename": "dead (1).png",
	"frame": {"x":134,"y":176,"w":60,"h":78},
	"rotated": false,
	"trimmed": true,
	"spriteSourceSize": {"x":19,"y":24,"w":60,"h":78},
	"sourceSize": {"w":105,"h":105}
},
{
	"filename": "dead (2).png",
	"frame": {"x":1,"y":179,"w":69,"h":68},
	"rotated": false,
	"trimmed": true,
	"spriteSourceSize": {"x":19,"y":34,"w":69,"h":68},
	"sourceSize": {"w":105,"h":105}
},
{
	"filename": "dead (3).png",
	"frame": {"x":251,"y":175,"w":85,"h":56},
	"rotated": false,
	"trimmed": true,
	"spriteSourceSize": {"x":7,"y":46,"w":85,"h":56},
	"sourceSize": {"w":105,"h":105}
},
{
	"filename": "dead (4).png",
	"frame": {"x":414,"y":175,"w":90,"h":55},
	"rotated": false,
	"trimmed": true,
	"spriteSourceSize": {"x":11,"y":49,"w":90,"h":55},
	"sourceSize": {"w":105,"h":105}
},
{
	"filename": "dead (5).png",
	"frame": {"x":506,"y":175,"w":85,"h":53},
	"rotated": false,
	"trimmed": true,
	"spriteSourceSize": {"x":13,"y":49,"w":85,"h":53},
	"sourceSize": {"w":105,"h":105}
},
{
	"filename": "idle (1).png",
	"frame": {"x":227,"y":88,"w":51,"h":85},
	"rotated": false,
	"trimmed": true,
	"spriteSourceSize": {"x":18,"y":17,"w":51,"h":85},
	"sourceSize": {"w":105,"h":105}
},
{
	"filename": "idle (2).png",
	"frame": {"x":388,"y":1,"w":50,"h":85},
	"rotated": false,
	"trimmed": true,
	"spriteSourceSize": {"x":19,"y":17,"w":50,"h":85},
	"sourceSize": {"w":105,"h":105}
},
{
	"filename": "idle (3).png",
	"frame": {"x":229,"y":1,"w":51,"h":85},
	"rotated": false,
	"trimmed": true,
	"spriteSourceSize": {"x":19,"y":17,"w":51,"h":85},
	"sourceSize": {"w":105,"h":105}
},
{
	"filename": "idle (4).png",
	"frame": {"x":280,"y":88,"w":51,"h":85},
	"rotated": false,
	"trimmed": true,
	"spriteSourceSize": {"x":19,"y":17,"w":51,"h":85},
	"sourceSize": {"w":105,"h":105}
},
{
	"filename": "idle (5).png",
	"frame": {"x":282,"y":1,"w":51,"h":85},
	"rotated": false,
	"trimmed": true,
	"spriteSourceSize": {"x":19,"y":17,"w":51,"h":85},
	"sourceSize": {"w":105,"h":105}
},
{
	"filename": "idle (6).png",
	"frame": {"x":439,"y":88,"w":50,"h":85},
	"rotated": false,
	"trimmed": true,
	"spriteSourceSize": {"x":19,"y":17,"w":50,"h":85},
	"sourceSize": {"w":105,"h":105}
},
{
	"filename": "rise (1).png",
	"frame": {"x":72,"y":247,"w":33,"h":8},
	"rotated": false,
	"trimmed": true,
	"spriteSourceSize": {"x":18,"y":94,"w":33,"h":8},
	"sourceSize": {"w":105,"h":105}
},
{
	"filename": "rise (2).png",
	"frame": {"x":506,"y":230,"w":59,"h":24},
	"rotated": false,
	"trimmed": true,
	"spriteSourceSize": {"x":9,"y":78,"w":59,"h":24},
	"sourceSize": {"w":105,"h":105}
},
{
	"filename": "rise (3).png",
	"frame": {"x":593,"y":175,"w":74,"h":43},
	"rotated": false,
	"trimmed": true,
	"spriteSourceSize": {"x":3,"y":59,"w":74,"h":43},
	"sourceSize": {"w":105,"h":105}
},
{
	"filename": "rise (4).png",
	"frame": {"x":338,"y":175,"w":74,"h":56},
	"rotated": false,
	"trimmed": true,
	"spriteSourceSize": {"x":3,"y":46,"w":74,"h":56},
	"sourceSize": {"w":105,"h":105}
},
{
	"filename": "rise (5).png",
	"frame": {"x":72,"y":179,"w":60,"h":66},
	"rotated": false,
	"trimmed": true,
	"spriteSourceSize": {"x":8,"y":36,"w":60,"h":66},
	"sourceSize": {"w":105,"h":105}
},
{
	"filename": "rise (6).png",
	"frame": {"x":196,"y":175,"w":53,"h":80},
	"rotated": false,
	"trimmed": true,
	"spriteSourceSize": {"x":10,"y":22,"w":53,"h":80},
	"sourceSize": {"w":105,"h":105}
},
{
	"filename": "rise (7).png",
	"frame": {"x":714,"y":87,"w":51,"h":82},
	"rotated": false,
	"trimmed": true,
	"spriteSourceSize": {"x":13,"y":20,"w":51,"h":82},
	"sourceSize": {"w":105,"h":105}
},
{
	"filename": "rise (8).png",
	"frame": {"x":333,"y":88,"w":51,"h":85},
	"rotated": false,
	"trimmed": true,
	"spriteSourceSize": {"x":18,"y":17,"w":51,"h":85},
	"sourceSize": {"w":105,"h":105}
},
{
	"filename": "walk (1).png",
	"frame": {"x":335,"y":1,"w":51,"h":85},
	"rotated": false,
	"trimmed": true,
	"spriteSourceSize": {"x":18,"y":17,"w":51,"h":85},
	"sourceSize": {"w":105,"h":105}
},
{
	"filename": "walk (2).png",
	"frame": {"x":492,"y":1,"w":50,"h":85},
	"rotated": false,
	"trimmed": true,
	"spriteSourceSize": {"x":19,"y":17,"w":50,"h":85},
	"sourceSize": {"w":105,"h":105}
},
{
	"filename": "walk (3).png",
	"frame": {"x":118,"y":1,"w":55,"h":85},
	"rotated": false,
	"trimmed": true,
	"spriteSourceSize": {"x":15,"y":17,"w":55,"h":85},
	"sourceSize": {"w":105,"h":105}
},
{
	"filename": "walk (4).png",
	"frame": {"x":697,"y":1,"w":60,"h":84},
	"rotated": false,
	"trimmed": true,
	"spriteSourceSize": {"x":10,"y":18,"w":60,"h":84},
	"sourceSize": {"w":105,"h":105}
},
{
	"filename": "walk (5).png",
	"frame": {"x":118,"y":1,"w":55,"h":85},
	"rotated": false,
	"trimmed": true,
	"spriteSourceSize": {"x":15,"y":17,"w":55,"h":85},
	"sourceSize": {"w":105,"h":105}
},
{
	"filename": "walk (6).png",
	"frame": {"x":543,"y":88,"w":50,"h":85},
	"rotated": false,
	"trimmed": true,
	"spriteSourceSize": {"x":19,"y":17,"w":50,"h":85},
	"sourceSize": {"w":105,"h":105}
},
{
	"filename": "walk (7).png",
	"frame": {"x":386,"y":88,"w":51,"h":85},
	"rotated": false,
	"trimmed": true,
	"spriteSourceSize": {"x":18,"y":17,"w":51,"h":85},
	"sourceSize": {"w":105,"h":105}
},
{
	"filename": "walk (8).png",
	"frame": {"x":595,"y":88,"w":49,"h":85},
	"rotated": false,
	"trimmed": true,
	"spriteSourceSize": {"x":20,"y":17,"w":49,"h":85},
	"sourceSize": {"w":105,"h":105}
},
{
	"filename": "walk (9).png",
	"frame": {"x":646,"y":1,"w":49,"h":85},
	"rotated": false,
	"trimmed": true,
	"spriteSourceSize": {"x":21,"y":17,"w":49,"h":85},
	"sourceSize": {"w":105,"h":105}
},
{
	"filename": "walk (10).png",
	"frame": {"x":440,"y":1,"w":50,"h":85},
	"rotated": false,
	"trimmed": true,
	"spriteSourceSize": {"x":20,"y":17,"w":50,"h":85},
	"sourceSize": {"w":105,"h":105}
},
{
	"filename": "walk (11).png",
	"frame": {"x":171,"y":88,"w":54,"h":85},
	"rotated": false,
	"trimmed": true,
	"spriteSourceSize": {"x":16,"y":17,"w":54,"h":85},
	"sourceSize": {"w":105,"h":105}
},
{
	"filename": "walk (12).png",
	"frame": {"x":491,"y":88,"w":50,"h":85},
	"rotated": false,
	"trimmed": true,
	"spriteSourceSize": {"x":20,"y":17,"w":50,"h":85},
	"sourceSize": {"w":105,"h":105}
},
{
	"filename": "walk (13).png",
	"frame": {"x":544,"y":1,"w":49,"h":85},
	"rotated": false,
	"trimmed": true,
	"spriteSourceSize": {"x":21,"y":17,"w":49,"h":85},
	"sourceSize": {"w":105,"h":105}
},
{
	"filename": "walk (14).png",
	"frame": {"x":595,"y":1,"w":49,"h":85},
	"rotated": false,
	"trimmed": true,
	"spriteSourceSize": {"x":20,"y":17,"w":49,"h":85},
	"sourceSize": {"w":105,"h":105}
}],
"meta": {
	"app": "https://www.codeandweb.com/texturepacker",
	"version": "1.0",
	"image": "zombie3.png",
	"format": "RGBA8888",
	"size": {"w":766,"h":256},
	"scale": "0.7",
	"smartupdate": "$TexturePacker:SmartUpdate:67f4969c4d0c7b20a3d925bceb73b71d:27a3df0c1ecb400dc75b3dbbfdca8628:c9d435c2141e27e1da19e861ee2bb860$"
}
}
