{"frames": [

{
	"filename": "attack (1).png",
	"frame": {"x":225,"y":1,"w":73,"h":84},
	"rotated": false,
	"trimmed": true,
	"spriteSourceSize": {"x":11,"y":19,"w":73,"h":84},
	"sourceSize": {"w":105,"h":105}
},
{
	"filename": "attack (2).png",
	"frame": {"x":152,"y":1,"w":71,"h":89},
	"rotated": false,
	"trimmed": true,
	"spriteSourceSize": {"x":11,"y":14,"w":71,"h":89},
	"sourceSize": {"w":105,"h":105}
},
{
	"filename": "attack (3).png",
	"frame": {"x":78,"y":1,"w":72,"h":93},
	"rotated": false,
	"trimmed": true,
	"spriteSourceSize": {"x":11,"y":10,"w":72,"h":93},
	"sourceSize": {"w":105,"h":105}
},
{
	"filename": "attack (4).png",
	"frame": {"x":1,"y":1,"w":75,"h":95},
	"rotated": false,
	"trimmed": true,
	"spriteSourceSize": {"x":7,"y":8,"w":75,"h":95},
	"sourceSize": {"w":105,"h":105}
},
{
	"filename": "attack (5).png",
	"frame": {"x":1,"y":98,"w":74,"h":95},
	"rotated": false,
	"trimmed": true,
	"spriteSourceSize": {"x":4,"y":8,"w":74,"h":95},
	"sourceSize": {"w":105,"h":105}
},
{
	"filename": "attack (6).png",
	"frame": {"x":1,"y":1,"w":75,"h":95},
	"rotated": false,
	"trimmed": true,
	"spriteSourceSize": {"x":7,"y":8,"w":75,"h":95},
	"sourceSize": {"w":105,"h":105}
},
{
	"filename": "attack (7).png",
	"frame": {"x":78,"y":1,"w":72,"h":93},
	"rotated": false,
	"trimmed": true,
	"spriteSourceSize": {"x":11,"y":10,"w":72,"h":93},
	"sourceSize": {"w":105,"h":105}
},
{
	"filename": "attack (8).png",
	"frame": {"x":152,"y":1,"w":71,"h":89},
	"rotated": false,
	"trimmed": true,
	"spriteSourceSize": {"x":11,"y":14,"w":71,"h":89},
	"sourceSize": {"w":105,"h":105}
},
{
	"filename": "dead (1).png",
	"frame": {"x":92,"y":185,"w":72,"h":69},
	"rotated": false,
	"trimmed": true,
	"spriteSourceSize": {"x":20,"y":33,"w":72,"h":69},
	"sourceSize": {"w":105,"h":105}
},
{
	"filename": "dead (2).png",
	"frame": {"x":471,"y":87,"w":77,"h":61},
	"rotated": false,
	"trimmed": true,
	"spriteSourceSize": {"x":20,"y":41,"w":77,"h":61},
	"sourceSize": {"w":105,"h":105}
},
{
	"filename": "dead (3).png",
	"frame": {"x":1,"y":195,"w":89,"h":60},
	"rotated": false,
	"trimmed": true,
	"spriteSourceSize": {"x":6,"y":42,"w":89,"h":60},
	"sourceSize": {"w":105,"h":105}
},
{
	"filename": "dead (4).png",
	"frame": {"x":373,"y":191,"w":92,"h":54},
	"rotated": false,
	"trimmed": true,
	"spriteSourceSize": {"x":6,"y":49,"w":92,"h":54},
	"sourceSize": {"w":105,"h":105}
},
{
	"filename": "dead (5).png",
	"frame": {"x":284,"y":119,"w":87,"h":52},
	"rotated": false,
	"trimmed": true,
	"spriteSourceSize": {"x":5,"y":53,"w":87,"h":52},
	"sourceSize": {"w":105,"h":105}
},
{
	"filename": "idle (1).png",
	"frame": {"x":225,"y":1,"w":73,"h":84},
	"rotated": false,
	"trimmed": true,
	"spriteSourceSize": {"x":11,"y":19,"w":73,"h":84},
	"sourceSize": {"w":105,"h":105}
},
{
	"filename": "idle (2).png",
	"frame": {"x":300,"y":1,"w":74,"h":83},
	"rotated": false,
	"trimmed": true,
	"spriteSourceSize": {"x":11,"y":20,"w":74,"h":83},
	"sourceSize": {"w":105,"h":105}
},
{
	"filename": "idle (3).png",
	"frame": {"x":376,"y":1,"w":75,"h":81},
	"rotated": false,
	"trimmed": true,
	"spriteSourceSize": {"x":11,"y":22,"w":75,"h":81},
	"sourceSize": {"w":105,"h":105}
},
{
	"filename": "idle (4).png",
	"frame": {"x":453,"y":1,"w":75,"h":81},
	"rotated": false,
	"trimmed": true,
	"spriteSourceSize": {"x":11,"y":22,"w":75,"h":81},
	"sourceSize": {"w":105,"h":105}
},
{
	"filename": "idle (5).png",
	"frame": {"x":376,"y":1,"w":75,"h":81},
	"rotated": false,
	"trimmed": true,
	"spriteSourceSize": {"x":11,"y":22,"w":75,"h":81},
	"sourceSize": {"w":105,"h":105}
},
{
	"filename": "idle (6).png",
	"frame": {"x":300,"y":1,"w":74,"h":83},
	"rotated": false,
	"trimmed": true,
	"spriteSourceSize": {"x":11,"y":20,"w":74,"h":83},
	"sourceSize": {"w":105,"h":105}
},
{
	"filename": "rise (1).png",
	"frame": {"x":620,"y":87,"w":40,"h":10},
	"rotated": false,
	"trimmed": true,
	"spriteSourceSize": {"x":22,"y":92,"w":40,"h":10},
	"sourceSize": {"w":105,"h":105}
},
{
	"filename": "rise (2).png",
	"frame": {"x":304,"y":86,"w":70,"h":31},
	"rotated": false,
	"trimmed": true,
	"spriteSourceSize": {"x":13,"y":71,"w":70,"h":31},
	"sourceSize": {"w":105,"h":105}
},
{
	"filename": "rise (3).png",
	"frame": {"x":376,"y":84,"w":93,"h":47},
	"rotated": false,
	"trimmed": true,
	"spriteSourceSize": {"x":2,"y":55,"w":93,"h":47},
	"sourceSize": {"w":105,"h":105}
},
{
	"filename": "rise (4).png",
	"frame": {"x":373,"y":133,"w":93,"h":56},
	"rotated": false,
	"trimmed": true,
	"spriteSourceSize": {"x":2,"y":46,"w":93,"h":56},
	"sourceSize": {"w":105,"h":105}
},
{
	"filename": "rise (5).png",
	"frame": {"x":166,"y":180,"w":70,"h":71},
	"rotated": false,
	"trimmed": true,
	"spriteSourceSize": {"x":13,"y":31,"w":70,"h":71},
	"sourceSize": {"w":105,"h":105}
},
{
	"filename": "rise (6).png",
	"frame": {"x":550,"y":87,"w":68,"h":80},
	"rotated": false,
	"trimmed": true,
	"spriteSourceSize": {"x":13,"y":22,"w":68,"h":80},
	"sourceSize": {"w":105,"h":105}
},
{
	"filename": "rise (7).png",
	"frame": {"x":77,"y":98,"w":70,"h":85},
	"rotated": false,
	"trimmed": true,
	"spriteSourceSize": {"x":11,"y":17,"w":70,"h":85},
	"sourceSize": {"w":105,"h":105}
},
{
	"filename": "rise (8).png",
	"frame": {"x":530,"y":1,"w":73,"h":84},
	"rotated": false,
	"trimmed": true,
	"spriteSourceSize": {"x":11,"y":19,"w":73,"h":84},
	"sourceSize": {"w":105,"h":105}
},
{
	"filename": "walk (1).png",
	"frame": {"x":605,"y":1,"w":65,"h":84},
	"rotated": false,
	"trimmed": true,
	"spriteSourceSize": {"x":19,"y":18,"w":65,"h":84},
	"sourceSize": {"w":105,"h":105}
},
{
	"filename": "walk (2).png",
	"frame": {"x":215,"y":92,"w":67,"h":82},
	"rotated": false,
	"trimmed": true,
	"spriteSourceSize": {"x":19,"y":20,"w":67,"h":82},
	"sourceSize": {"w":105,"h":105}
},
{
	"filename": "walk (3).png",
	"frame": {"x":304,"y":173,"w":67,"h":81},
	"rotated": false,
	"trimmed": true,
	"spriteSourceSize": {"x":19,"y":21,"w":67,"h":81},
	"sourceSize": {"w":105,"h":105}
},
{
	"filename": "walk (4).png",
	"frame": {"x":468,"y":150,"w":67,"h":80},
	"rotated": false,
	"trimmed": true,
	"spriteSourceSize": {"x":19,"y":22,"w":67,"h":80},
	"sourceSize": {"w":105,"h":105}
},
{
	"filename": "walk (5).png",
	"frame": {"x":537,"y":169,"w":67,"h":81},
	"rotated": false,
	"trimmed": true,
	"spriteSourceSize": {"x":19,"y":21,"w":67,"h":81},
	"sourceSize": {"w":105,"h":105}
},
{
	"filename": "walk (6).png",
	"frame": {"x":215,"y":92,"w":67,"h":82},
	"rotated": false,
	"trimmed": true,
	"spriteSourceSize": {"x":19,"y":20,"w":67,"h":82},
	"sourceSize": {"w":105,"h":105}
},
{
	"filename": "walk (7).png",
	"frame": {"x":605,"y":1,"w":65,"h":84},
	"rotated": false,
	"trimmed": true,
	"spriteSourceSize": {"x":19,"y":18,"w":65,"h":84},
	"sourceSize": {"w":105,"h":105}
},
{
	"filename": "walk (8).png",
	"frame": {"x":149,"y":96,"w":64,"h":82},
	"rotated": false,
	"trimmed": true,
	"spriteSourceSize": {"x":19,"y":20,"w":64,"h":82},
	"sourceSize": {"w":105,"h":105}
},
{
	"filename": "walk (9).png",
	"frame": {"x":606,"y":169,"w":63,"h":80},
	"rotated": false,
	"trimmed": true,
	"spriteSourceSize": {"x":19,"y":22,"w":63,"h":80},
	"sourceSize": {"w":105,"h":105}
},
{
	"filename": "walk (10).png",
	"frame": {"x":238,"y":176,"w":64,"h":79},
	"rotated": false,
	"trimmed": true,
	"spriteSourceSize": {"x":19,"y":23,"w":64,"h":79},
	"sourceSize": {"w":105,"h":105}
},
{
	"filename": "walk (11).png",
	"frame": {"x":606,"y":169,"w":63,"h":80},
	"rotated": false,
	"trimmed": true,
	"spriteSourceSize": {"x":19,"y":22,"w":63,"h":80},
	"sourceSize": {"w":105,"h":105}
},
{
	"filename": "walk (12).png",
	"frame": {"x":149,"y":96,"w":64,"h":82},
	"rotated": false,
	"trimmed": true,
	"spriteSourceSize": {"x":19,"y":20,"w":64,"h":82},
	"sourceSize": {"w":105,"h":105}
}],
"meta": {
	"app": "https://www.codeandweb.com/texturepacker",
	"version": "1.0",
	"image": "zombie5.png",
	"format": "RGBA8888",
	"size": {"w":671,"h":256},
	"scale": "0.7",
	"smartupdate": "$TexturePacker:SmartUpdate:cbb23b018a38d8009709223bbcafc7a1:e49877d640b15d92433e3aacb7de1a50:d935f8d2b5820b2f6e892b7cfe15f004$"
}
}
