{"frames": [

{
	"filename": "attack (1).png",
	"frame": {"x":76,"y":76,"w":72,"h":72},
	"rotated": false,
	"trimmed": false,
	"spriteSourceSize": {"x":0,"y":0,"w":72,"h":72},
	"sourceSize": {"w":72,"h":72}
},
{
	"filename": "attack (2).png",
	"frame": {"x":75,"y":300,"w":72,"h":72},
	"rotated": false,
	"trimmed": false,
	"spriteSourceSize": {"x":0,"y":0,"w":72,"h":72},
	"sourceSize": {"w":72,"h":72}
},
{
	"filename": "attack (3).png",
	"frame": {"x":75,"y":374,"w":72,"h":72},
	"rotated": false,
	"trimmed": false,
	"spriteSourceSize": {"x":0,"y":0,"w":72,"h":72},
	"sourceSize": {"w":72,"h":72}
},
{
	"filename": "attack (4).png",
	"frame": {"x":75,"y":448,"w":72,"h":72},
	"rotated": false,
	"trimmed": false,
	"spriteSourceSize": {"x":0,"y":0,"w":72,"h":72},
	"sourceSize": {"w":72,"h":72}
},
{
	"filename": "attack (5).png",
	"frame": {"x":75,"y":522,"w":72,"h":72},
	"rotated": false,
	"trimmed": false,
	"spriteSourceSize": {"x":0,"y":0,"w":72,"h":72},
	"sourceSize": {"w":72,"h":72}
},
{
	"filename": "attack (6).png",
	"frame": {"x":75,"y":596,"w":72,"h":72},
	"rotated": false,
	"trimmed": false,
	"spriteSourceSize": {"x":0,"y":0,"w":72,"h":72},
	"sourceSize": {"w":72,"h":72}
},
{
	"filename": "attack (7).png",
	"frame": {"x":75,"y":670,"w":72,"h":72},
	"rotated": false,
	"trimmed": false,
	"spriteSourceSize": {"x":0,"y":0,"w":72,"h":72},
	"sourceSize": {"w":72,"h":72}
},
{
	"filename": "dead (1).png",
	"frame": {"x":149,"y":151,"w":72,"h":72},
	"rotated": false,
	"trimmed": false,
	"spriteSourceSize": {"x":0,"y":0,"w":72,"h":72},
	"sourceSize": {"w":72,"h":72}
},
{
	"filename": "dead (2).png",
	"frame": {"x":149,"y":225,"w":72,"h":72},
	"rotated": false,
	"trimmed": false,
	"spriteSourceSize": {"x":0,"y":0,"w":72,"h":72},
	"sourceSize": {"w":72,"h":72}
},
{
	"filename": "dead (3).png",
	"frame": {"x":149,"y":299,"w":72,"h":72},
	"rotated": false,
	"trimmed": false,
	"spriteSourceSize": {"x":0,"y":0,"w":72,"h":72},
	"sourceSize": {"w":72,"h":72}
},
{
	"filename": "dead (4).png",
	"frame": {"x":1,"y":1,"w":73,"h":72},
	"rotated": false,
	"trimmed": false,
	"spriteSourceSize": {"x":0,"y":0,"w":73,"h":72},
	"sourceSize": {"w":73,"h":72}
},
{
	"filename": "dead (5).png",
	"frame": {"x":1,"y":75,"w":73,"h":72},
	"rotated": false,
	"trimmed": false,
	"spriteSourceSize": {"x":0,"y":0,"w":73,"h":72},
	"sourceSize": {"w":73,"h":72}
},
{
	"filename": "idle (1).png",
	"frame": {"x":149,"y":373,"w":72,"h":72},
	"rotated": false,
	"trimmed": false,
	"spriteSourceSize": {"x":0,"y":0,"w":72,"h":72},
	"sourceSize": {"w":72,"h":72}
},
{
	"filename": "idle (2).png",
	"frame": {"x":149,"y":447,"w":72,"h":72},
	"rotated": false,
	"trimmed": false,
	"spriteSourceSize": {"x":0,"y":0,"w":72,"h":72},
	"sourceSize": {"w":72,"h":72}
},
{
	"filename": "idle (3).png",
	"frame": {"x":149,"y":521,"w":72,"h":72},
	"rotated": false,
	"trimmed": false,
	"spriteSourceSize": {"x":0,"y":0,"w":72,"h":72},
	"sourceSize": {"w":72,"h":72}
},
{
	"filename": "idle (4).png",
	"frame": {"x":149,"y":595,"w":72,"h":72},
	"rotated": false,
	"trimmed": false,
	"spriteSourceSize": {"x":0,"y":0,"w":72,"h":72},
	"sourceSize": {"w":72,"h":72}
},
{
	"filename": "idle (5).png",
	"frame": {"x":149,"y":521,"w":72,"h":72},
	"rotated": false,
	"trimmed": false,
	"spriteSourceSize": {"x":0,"y":0,"w":72,"h":72},
	"sourceSize": {"w":72,"h":72}
},
{
	"filename": "idle (6).png",
	"frame": {"x":149,"y":447,"w":72,"h":72},
	"rotated": false,
	"trimmed": false,
	"spriteSourceSize": {"x":0,"y":0,"w":72,"h":72},
	"sourceSize": {"w":72,"h":72}
},
{
	"filename": "rise (1).png",
	"frame": {"x":76,"y":1,"w":72,"h":73},
	"rotated": false,
	"trimmed": false,
	"spriteSourceSize": {"x":0,"y":0,"w":72,"h":73},
	"sourceSize": {"w":72,"h":73}
},
{
	"filename": "rise (2).png",
	"frame": {"x":150,"y":1,"w":72,"h":73},
	"rotated": false,
	"trimmed": false,
	"spriteSourceSize": {"x":0,"y":0,"w":72,"h":73},
	"sourceSize": {"w":72,"h":73}
},
{
	"filename": "rise (3).png",
	"frame": {"x":1,"y":149,"w":72,"h":73},
	"rotated": false,
	"trimmed": false,
	"spriteSourceSize": {"x":0,"y":0,"w":72,"h":73},
	"sourceSize": {"w":72,"h":73}
},
{
	"filename": "rise (4).png",
	"frame": {"x":1,"y":224,"w":72,"h":73},
	"rotated": false,
	"trimmed": false,
	"spriteSourceSize": {"x":0,"y":0,"w":72,"h":73},
	"sourceSize": {"w":72,"h":73}
},
{
	"filename": "rise (5).png",
	"frame": {"x":1,"y":299,"w":72,"h":73},
	"rotated": false,
	"trimmed": false,
	"spriteSourceSize": {"x":0,"y":0,"w":72,"h":73},
	"sourceSize": {"w":72,"h":73}
},
{
	"filename": "rise (6).png",
	"frame": {"x":1,"y":374,"w":72,"h":73},
	"rotated": false,
	"trimmed": false,
	"spriteSourceSize": {"x":0,"y":0,"w":72,"h":73},
	"sourceSize": {"w":72,"h":73}
},
{
	"filename": "rise (7).png",
	"frame": {"x":1,"y":449,"w":72,"h":73},
	"rotated": false,
	"trimmed": false,
	"spriteSourceSize": {"x":0,"y":0,"w":72,"h":73},
	"sourceSize": {"w":72,"h":73}
},
{
	"filename": "rise (8).png",
	"frame": {"x":149,"y":669,"w":72,"h":72},
	"rotated": false,
	"trimmed": false,
	"spriteSourceSize": {"x":0,"y":0,"w":72,"h":72},
	"sourceSize": {"w":72,"h":72}
},
{
	"filename": "walk (1).png",
	"frame": {"x":1,"y":524,"w":72,"h":73},
	"rotated": false,
	"trimmed": false,
	"spriteSourceSize": {"x":0,"y":0,"w":72,"h":73},
	"sourceSize": {"w":72,"h":73}
},
{
	"filename": "walk (2).png",
	"frame": {"x":75,"y":744,"w":72,"h":72},
	"rotated": false,
	"trimmed": false,
	"spriteSourceSize": {"x":0,"y":0,"w":72,"h":72},
	"sourceSize": {"w":72,"h":72}
},
{
	"filename": "walk (3).png",
	"frame": {"x":149,"y":743,"w":72,"h":72},
	"rotated": false,
	"trimmed": false,
	"spriteSourceSize": {"x":0,"y":0,"w":72,"h":72},
	"sourceSize": {"w":72,"h":72}
},
{
	"filename": "walk (4).png",
	"frame": {"x":75,"y":150,"w":72,"h":73},
	"rotated": false,
	"trimmed": false,
	"spriteSourceSize": {"x":0,"y":0,"w":72,"h":73},
	"sourceSize": {"w":72,"h":73}
},
{
	"filename": "walk (5).png",
	"frame": {"x":149,"y":743,"w":72,"h":72},
	"rotated": false,
	"trimmed": false,
	"spriteSourceSize": {"x":0,"y":0,"w":72,"h":72},
	"sourceSize": {"w":72,"h":72}
},
{
	"filename": "walk (6).png",
	"frame": {"x":75,"y":744,"w":72,"h":72},
	"rotated": false,
	"trimmed": false,
	"spriteSourceSize": {"x":0,"y":0,"w":72,"h":72},
	"sourceSize": {"w":72,"h":72}
},
{
	"filename": "walk (7).png",
	"frame": {"x":1,"y":524,"w":72,"h":73},
	"rotated": false,
	"trimmed": false,
	"spriteSourceSize": {"x":0,"y":0,"w":72,"h":73},
	"sourceSize": {"w":72,"h":73}
},
{
	"filename": "walk (8).png",
	"frame": {"x":75,"y":225,"w":72,"h":73},
	"rotated": false,
	"trimmed": false,
	"spriteSourceSize": {"x":0,"y":0,"w":72,"h":73},
	"sourceSize": {"w":72,"h":73}
},
{
	"filename": "walk (9).png",
	"frame": {"x":150,"y":76,"w":72,"h":73},
	"rotated": false,
	"trimmed": false,
	"spriteSourceSize": {"x":0,"y":0,"w":72,"h":73},
	"sourceSize": {"w":72,"h":73}
},
{
	"filename": "walk (10).png",
	"frame": {"x":1,"y":599,"w":72,"h":73},
	"rotated": false,
	"trimmed": false,
	"spriteSourceSize": {"x":0,"y":0,"w":72,"h":73},
	"sourceSize": {"w":72,"h":73}
},
{
	"filename": "walk (11).png",
	"frame": {"x":1,"y":674,"w":72,"h":73},
	"rotated": false,
	"trimmed": false,
	"spriteSourceSize": {"x":0,"y":0,"w":72,"h":73},
	"sourceSize": {"w":72,"h":73}
},
{
	"filename": "walk (12).png",
	"frame": {"x":1,"y":599,"w":72,"h":73},
	"rotated": false,
	"trimmed": false,
	"spriteSourceSize": {"x":0,"y":0,"w":72,"h":73},
	"sourceSize": {"w":72,"h":73}
},
{
	"filename": "walk (13).png",
	"frame": {"x":150,"y":76,"w":72,"h":73},
	"rotated": false,
	"trimmed": false,
	"spriteSourceSize": {"x":0,"y":0,"w":72,"h":73},
	"sourceSize": {"w":72,"h":73}
}],
"meta": {
	"app": "https://www.codeandweb.com/texturepacker",
	"version": "1.0",
	"image": "zombie1.png",
	"format": "RGBA8888",
	"size": {"w":223,"h":817},
	"scale": "0.3",
	"smartupdate": "$TexturePacker:SmartUpdate:c27fbe2888f142ad177b634c07065ba5:f0f29bde74b14c0e61e516c1f29d7c2b:e6cd16ab5a2401a9debf2f20b8f18774$"
}
}
