{"frames": [

{
	"filename": "attack (1).png",
	"frame": {"x":136,"y":91,"w":69,"h":87},
	"rotated": false,
	"trimmed": true,
	"spriteSourceSize": {"x":6,"y":15,"w":69,"h":87},
	"sourceSize": {"w":105,"h":105}
},
{
	"filename": "attack (2).png",
	"frame": {"x":69,"y":92,"w":65,"h":89},
	"rotated": false,
	"trimmed": true,
	"spriteSourceSize": {"x":2,"y":13,"w":65,"h":89},
	"sourceSize": {"w":105,"h":105}
},
{
	"filename": "attack (3).png",
	"frame": {"x":1,"y":1,"w":67,"h":89},
	"rotated": false,
	"trimmed": true,
	"spriteSourceSize": {"x":0,"y":13,"w":67,"h":89},
	"sourceSize": {"w":105,"h":105}
},
{
	"filename": "attack (4).png",
	"frame": {"x":1,"y":92,"w":66,"h":89},
	"rotated": false,
	"trimmed": true,
	"spriteSourceSize": {"x":1,"y":13,"w":66,"h":89},
	"sourceSize": {"w":105,"h":105}
},
{
	"filename": "attack (5).png",
	"frame": {"x":70,"y":1,"w":70,"h":88},
	"rotated": false,
	"trimmed": true,
	"spriteSourceSize": {"x":5,"y":14,"w":70,"h":88},
	"sourceSize": {"w":105,"h":105}
},
{
	"filename": "attack (6).png",
	"frame": {"x":207,"y":89,"w":64,"h":85},
	"rotated": false,
	"trimmed": true,
	"spriteSourceSize": {"x":10,"y":17,"w":64,"h":85},
	"sourceSize": {"w":105,"h":105}
},
{
	"filename": "attack (7).png",
	"frame": {"x":697,"y":169,"w":64,"h":82},
	"rotated": false,
	"trimmed": true,
	"spriteSourceSize": {"x":7,"y":20,"w":64,"h":82},
	"sourceSize": {"w":105,"h":105}
},
{
	"filename": "attack (8).png",
	"frame": {"x":753,"y":1,"w":74,"h":82},
	"rotated": false,
	"trimmed": true,
	"spriteSourceSize": {"x":2,"y":20,"w":74,"h":82},
	"sourceSize": {"w":105,"h":105}
},
{
	"filename": "dead (1).png",
	"frame": {"x":468,"y":173,"w":61,"h":78},
	"rotated": false,
	"trimmed": true,
	"spriteSourceSize": {"x":20,"y":24,"w":61,"h":78},
	"sourceSize": {"w":105,"h":105}
},
{
	"filename": "dead (2).png",
	"frame": {"x":303,"y":175,"w":67,"h":73},
	"rotated": false,
	"trimmed": true,
	"spriteSourceSize": {"x":20,"y":29,"w":67,"h":73},
	"sourceSize": {"w":105,"h":105}
},
{
	"filename": "dead (3).png",
	"frame": {"x":71,"y":183,"w":84,"h":66},
	"rotated": false,
	"trimmed": true,
	"spriteSourceSize": {"x":4,"y":36,"w":84,"h":66},
	"sourceSize": {"w":105,"h":105}
},
{
	"filename": "dead (4).png",
	"frame": {"x":372,"y":175,"w":94,"h":54},
	"rotated": false,
	"trimmed": true,
	"spriteSourceSize": {"x":3,"y":48,"w":94,"h":54},
	"sourceSize": {"w":105,"h":105}
},
{
	"filename": "dead (5).png",
	"frame": {"x":531,"y":173,"w":86,"h":49},
	"rotated": false,
	"trimmed": true,
	"spriteSourceSize": {"x":11,"y":53,"w":86,"h":49},
	"sourceSize": {"w":105,"h":105}
},
{
	"filename": "defend (1).png",
	"frame": {"x":393,"y":88,"w":56,"h":85},
	"rotated": false,
	"trimmed": true,
	"spriteSourceSize": {"x":9,"y":17,"w":56,"h":85},
	"sourceSize": {"w":105,"h":105}
},
{
	"filename": "defend (2).png",
	"frame": {"x":574,"y":1,"w":58,"h":84},
	"rotated": false,
	"trimmed": true,
	"spriteSourceSize": {"x":8,"y":18,"w":58,"h":84},
	"sourceSize": {"w":105,"h":105}
},
{
	"filename": "defend (3).png",
	"frame": {"x":827,"y":86,"w":61,"h":82},
	"rotated": false,
	"trimmed": true,
	"spriteSourceSize": {"x":7,"y":20,"w":61,"h":82},
	"sourceSize": {"w":105,"h":105}
},
{
	"filename": "defend (4).png",
	"frame": {"x":763,"y":169,"w":62,"h":82},
	"rotated": false,
	"trimmed": true,
	"spriteSourceSize": {"x":7,"y":20,"w":62,"h":82},
	"sourceSize": {"w":105,"h":105}
},
{
	"filename": "idle (1).png",
	"frame": {"x":205,"y":1,"w":60,"h":86},
	"rotated": false,
	"trimmed": true,
	"spriteSourceSize": {"x":9,"y":16,"w":60,"h":86},
	"sourceSize": {"w":105,"h":105}
},
{
	"filename": "idle (2).png",
	"frame": {"x":328,"y":1,"w":57,"h":85},
	"rotated": false,
	"trimmed": true,
	"spriteSourceSize": {"x":10,"y":17,"w":57,"h":85},
	"sourceSize": {"w":105,"h":105}
},
{
	"filename": "idle (3).png",
	"frame": {"x":638,"y":87,"w":57,"h":84},
	"rotated": false,
	"trimmed": true,
	"spriteSourceSize": {"x":10,"y":18,"w":57,"h":84},
	"sourceSize": {"w":105,"h":105}
},
{
	"filename": "idle (4).png",
	"frame": {"x":578,"y":87,"w":58,"h":84},
	"rotated": false,
	"trimmed": true,
	"spriteSourceSize": {"x":10,"y":18,"w":58,"h":84},
	"sourceSize": {"w":105,"h":105}
},
{
	"filename": "idle (5).png",
	"frame": {"x":638,"y":87,"w":57,"h":84},
	"rotated": false,
	"trimmed": true,
	"spriteSourceSize": {"x":10,"y":18,"w":57,"h":84},
	"sourceSize": {"w":105,"h":105}
},
{
	"filename": "idle (6).png",
	"frame": {"x":328,"y":1,"w":57,"h":85},
	"rotated": false,
	"trimmed": true,
	"spriteSourceSize": {"x":10,"y":17,"w":57,"h":85},
	"sourceSize": {"w":105,"h":105}
},
{
	"filename": "rise (1).png",
	"frame": {"x":157,"y":240,"w":33,"h":9},
	"rotated": false,
	"trimmed": true,
	"spriteSourceSize": {"x":23,"y":93,"w":33,"h":9},
	"sourceSize": {"w":105,"h":105}
},
{
	"filename": "rise (2).png",
	"frame": {"x":372,"y":231,"w":56,"h":19},
	"rotated": false,
	"trimmed": true,
	"spriteSourceSize": {"x":16,"y":83,"w":56,"h":19},
	"sourceSize": {"w":105,"h":105}
},
{
	"filename": "rise (3).png",
	"frame": {"x":619,"y":173,"w":74,"h":41},
	"rotated": false,
	"trimmed": true,
	"spriteSourceSize": {"x":8,"y":61,"w":74,"h":41},
	"sourceSize": {"w":105,"h":105}
},
{
	"filename": "rise (4).png",
	"frame": {"x":157,"y":180,"w":74,"h":58},
	"rotated": false,
	"trimmed": true,
	"spriteSourceSize": {"x":8,"y":44,"w":74,"h":58},
	"sourceSize": {"w":105,"h":105}
},
{
	"filename": "rise (5).png",
	"frame": {"x":1,"y":183,"w":68,"h":67},
	"rotated": false,
	"trimmed": true,
	"spriteSourceSize": {"x":8,"y":35,"w":68,"h":67},
	"sourceSize": {"w":105,"h":105}
},
{
	"filename": "rise (6).png",
	"frame": {"x":233,"y":176,"w":68,"h":73},
	"rotated": false,
	"trimmed": true,
	"spriteSourceSize": {"x":8,"y":29,"w":68,"h":73},
	"sourceSize": {"w":105,"h":105}
},
{
	"filename": "rise (7).png",
	"frame": {"x":753,"y":85,"w":66,"h":82},
	"rotated": false,
	"trimmed": true,
	"spriteSourceSize": {"x":9,"y":20,"w":66,"h":82},
	"sourceSize": {"w":105,"h":105}
},
{
	"filename": "rise (8).png",
	"frame": {"x":142,"y":1,"w":61,"h":86},
	"rotated": false,
	"trimmed": true,
	"spriteSourceSize": {"x":9,"y":16,"w":61,"h":86},
	"sourceSize": {"w":105,"h":105}
},
{
	"filename": "walk (1).png",
	"frame": {"x":334,"y":88,"w":57,"h":85},
	"rotated": false,
	"trimmed": true,
	"spriteSourceSize": {"x":10,"y":17,"w":57,"h":85},
	"sourceSize": {"w":105,"h":105}
},
{
	"filename": "walk (2).png",
	"frame": {"x":387,"y":1,"w":57,"h":85},
	"rotated": false,
	"trimmed": true,
	"spriteSourceSize": {"x":10,"y":17,"w":57,"h":85},
	"sourceSize": {"w":105,"h":105}
},
{
	"filename": "walk (3).png",
	"frame": {"x":694,"y":1,"w":57,"h":84},
	"rotated": false,
	"trimmed": true,
	"spriteSourceSize": {"x":10,"y":18,"w":57,"h":84},
	"sourceSize": {"w":105,"h":105}
},
{
	"filename": "walk (4).png",
	"frame": {"x":634,"y":1,"w":58,"h":84},
	"rotated": false,
	"trimmed": true,
	"spriteSourceSize": {"x":10,"y":18,"w":58,"h":84},
	"sourceSize": {"w":105,"h":105}
},
{
	"filename": "walk (5).png",
	"frame": {"x":829,"y":1,"w":57,"h":83},
	"rotated": false,
	"trimmed": true,
	"spriteSourceSize": {"x":10,"y":19,"w":57,"h":83},
	"sourceSize": {"w":105,"h":105}
},
{
	"filename": "walk (6).png",
	"frame": {"x":387,"y":1,"w":57,"h":85},
	"rotated": false,
	"trimmed": true,
	"spriteSourceSize": {"x":10,"y":17,"w":57,"h":85},
	"sourceSize": {"w":105,"h":105}
},
{
	"filename": "walk (7).png",
	"frame": {"x":334,"y":88,"w":57,"h":85},
	"rotated": false,
	"trimmed": true,
	"spriteSourceSize": {"x":10,"y":17,"w":57,"h":85},
	"sourceSize": {"w":105,"h":105}
},
{
	"filename": "walk (8).png",
	"frame": {"x":273,"y":88,"w":59,"h":85},
	"rotated": false,
	"trimmed": true,
	"spriteSourceSize": {"x":10,"y":17,"w":59,"h":85},
	"sourceSize": {"w":105,"h":105}
},
{
	"filename": "walk (9).png",
	"frame": {"x":515,"y":87,"w":61,"h":84},
	"rotated": false,
	"trimmed": true,
	"spriteSourceSize": {"x":10,"y":18,"w":61,"h":84},
	"sourceSize": {"w":105,"h":105}
},
{
	"filename": "walk (10).png",
	"frame": {"x":446,"y":1,"w":63,"h":84},
	"rotated": false,
	"trimmed": true,
	"spriteSourceSize": {"x":10,"y":18,"w":63,"h":84},
	"sourceSize": {"w":105,"h":105}
},
{
	"filename": "walk (11).png",
	"frame": {"x":451,"y":87,"w":62,"h":84},
	"rotated": false,
	"trimmed": true,
	"spriteSourceSize": {"x":12,"y":18,"w":62,"h":84},
	"sourceSize": {"w":105,"h":105}
},
{
	"filename": "walk (12).png",
	"frame": {"x":446,"y":1,"w":63,"h":84},
	"rotated": false,
	"trimmed": true,
	"spriteSourceSize": {"x":10,"y":18,"w":63,"h":84},
	"sourceSize": {"w":105,"h":105}
},
{
	"filename": "walk (13).png",
	"frame": {"x":511,"y":1,"w":61,"h":84},
	"rotated": false,
	"trimmed": true,
	"spriteSourceSize": {"x":10,"y":18,"w":61,"h":84},
	"sourceSize": {"w":105,"h":105}
},
{
	"filename": "walk (14).png",
	"frame": {"x":267,"y":1,"w":59,"h":85},
	"rotated": false,
	"trimmed": true,
	"spriteSourceSize": {"x":10,"y":17,"w":59,"h":85},
	"sourceSize": {"w":105,"h":105}
}],
"meta": {
	"app": "https://www.codeandweb.com/texturepacker",
	"version": "1.0",
	"image": "zombie2.png",
	"format": "RGBA8888",
	"size": {"w":889,"h":252},
	"scale": "0.7",
	"smartupdate": "$TexturePacker:SmartUpdate:026b92d2c646019d780e771cb69a78dd:47a9f1d922415c2e87014b35a72bea62:b3a3d9c47c34d01c8b0fee012fe84a54$"
}
}
